<?xml version="1.0" encoding="UTF-8"?><metadata>
    <idinfo>
        <citation>
            <citeinfo>
                <origin/>
                <pubdate>20230201</pubdate>
                <title>ACS Demographic Characteristics DC Ward</title>
                <geoform>vector digital data</geoform>
            </citeinfo>
        </citation>
        <descript>
            <abstract>Age, Sex, Race, Ethnicity, Total Housing Units, and Voting Age Population. This service is updated annually with American Community Survey (ACS) 5-year data. Contact: District of Columbia, Office of Planning. Email: planning@dc.gov. Geography: 2012 Wards (State Legislative Districts [Upper Chamber]). Current Vintage: 2017-2021. ACS Table(s): DP05. Data downloaded from: Census Bureau's API for American Community Survey. Date of API call: December 12, 2022. National Figures: data.census.gov. Please cite the Census and ACS when using this data. Data Note from the Census: Data are based on a sample and are subject to sampling variability. The degree of uncertainty for an estimate arising from sampling variability is represented through the use of a margin of error. The value shown here is the 90 percent margin of error. The margin of error can be interpreted as providing a 90 percent probability that the interval defined by the estimate minus the margin of error and the estimate plus the margin of error (the lower and upper confidence bounds) contains the true value. In addition to sampling variability, the ACS estimates are subject to nonsampling error (for a discussion of nonsampling variability, see Accuracy of the Data). The effect of nonsampling error is not represented in these tables. Data Processing Notes: This layer is updated automatically when the most current vintage of ACS data is released each year, usually in December. The layer always contains the latest available ACS 5-year estimates. It is updated annually within days of the Census Bureau's release schedule. Boundaries come from the US Census TIGER geodatabases. Boundaries are updated at the same time as the data updates (annually), and the boundary vintage appropriately matches the data vintage as specified by the Census. These are Census boundaries with water and/or coastlines clipped for cartographic purposes. For census tracts, the water cutouts are derived from a subset of the 2020 AWATER (Area Water) boundaries offered by TIGER. For state and county boundaries, the water and coastlines are derived from the coastlines of the 500k TIGER Cartographic Boundary Shapefiles. The original AWATER and ALAND fields are still available as attributes within the data table (units are square meters). Field alias names were created based on the Table Shells file available from the American Community Survey Summary File Documentation page. Data processed using R statistical package and ArcGIS Desktop. Margin of Error was not included in this layer but is available from the Census Bureau. Contact the Office of Planning for more information about obtaining Margin of Error values.</abstract>
            <purpose>This layer contains the most current release of data from the American Community Survey (ACS) about demographic characteristics. These are 5-year estimates shown by 2012 Ward boundaries.</purpose>
        </descript>
        <status>
            <progress>Complete</progress>
            <update>Annually</update>
        </status>
        <spdom>
            <bounding>
                <westbc>-77.119862</westbc>
                <eastbc>-76.909262</eastbc>
                <northbc>38.995852</northbc>
                <southbc>38.791590</southbc>
            </bounding>
        </spdom>
        <keywords>
            <theme>
                <themekt>None</themekt>
                <themekey>American community survey</themekey>
                <themekey>census</themekey>
                <themekey>sex</themekey>
                <themekey>acs</themekey>
                <themekey>population</themekey>
                <themekey>race</themekey>
                <themekey>dc</themekey>
                <themekey>census bureau</themekey>
                <themekey>washington dc</themekey>
                <themekey>district of columbia</themekey>
                <themekey>Demographic Characteristics</themekey>
                <themekey>age</themekey>
                <themekey>ward</themekey>
            </theme>
        </keywords>
        <accconst>Other Constraints</accconst>
        <useconst>This work is licensed under a Creative Commons Attribution 4.0 International License.</useconst>
        <ptcontac>
            <cntinfo>
                <cntorgp>
                    <cntorg>Office of Planning</cntorg>
                    <cntper>State Data Center</cntper>
                </cntorgp>
                <cntpos>Demographic Specialist</cntpos>
                <cntaddr>
                    <addrtype>mailing and physical</addrtype>
                    <address>1100 4th Street NW, Suite 650 East</address>
                    <city>Washington</city>
                    <state>DC</state>
                    <postal>20024</postal>
                </cntaddr>
                <cntvoice>(202) 442-7600</cntvoice>
                <cntemail>planning@dc.gov</cntemail>
            </cntinfo>
        </ptcontac>
        <ptcontac>
            <cntinfo>
                <cntorgp>
                    <cntorg>Office of the Chief Technology Officer</cntorg>
                </cntorgp>
                <cntpos>GIS Data Coordinator</cntpos>
                <cntaddr>
                    <addrtype>mailing and physical</addrtype>
                    <address>200 I Street SE</address>
                    <city>Washington</city>
                    <state>DC</state>
                    <postal>20003</postal>
                    <country>US</country>
                </cntaddr>
                <cntvoice>(202) 727-2277</cntvoice>
                <cntemail>dcgis@dc.gov</cntemail>
                <hours>8:30 am - 5 pm</hours>
            </cntinfo>
        </ptcontac>
        <datacred>Office of Planning</datacred>
        <native>Esri ArcGIS 13.0.3.36057</native>
    </idinfo>
    <spdoinfo>
        <direct>Vector</direct>
        <ptvctinf>
            <sdtsterm>
                <sdtstype>GT-polygon composed of chains</sdtstype>
                <ptvctcnt>0</ptvctcnt>
            </sdtsterm>
        </ptvctinf>
    </spdoinfo>
    <eainfo>
        <detailed>
            <enttyp>
                <enttypl>ACS_Demographic_Characteristics_DC_Ward</enttypl>
            </enttyp>
            <attr>
                <attrlabl>OBJECTID</attrlabl>
                <attrdef>Internal feature number.</attrdef>
                <attrdefs>Esri</attrdefs>
                <attrdomv>
                                        					
                    
                    <udom>Sequential unique whole numbers that are automatically generated.</udom>
                                        				
                
                </attrdomv>
            </attr>
            <attr>
                <attrlabl>Shape</attrlabl>
                <attrdef>Feature geometry.</attrdef>
                <attrdefs>Esri</attrdefs>
                <attrdomv>
                                        					
                    
                    <udom>Coordinates defining the features.</udom>
                                        				
                
                </attrdomv>
            </attr>
            <attr>
                <attrlabl>STATEFP</attrlabl>
            </attr>
            <attr>
                <attrlabl>SLDUST</attrlabl>
            </attr>
            <attr>
                <attrlabl>GEOID</attrlabl>
            </attr>
            <attr>
                <attrlabl>NAMELSAD</attrlabl>
            </attr>
            <attr>
                <attrlabl>ALAND</attrlabl>
            </attr>
            <attr>
                <attrlabl>AWATER</attrlabl>
            </attr>
            <attr>
                <attrlabl>INTPTLAT</attrlabl>
            </attr>
            <attr>
                <attrlabl>INTPTLON</attrlabl>
            </attr>
            <attr>
                <attrlabl>NAME</attrlabl>
            </attr>
            <attr>
                <attrlabl>DP05_0001E</attrlabl>
            </attr>
            <attr>
                <attrlabl>DP05_0002E</attrlabl>
            </attr>
            <attr>
                <attrlabl>DP05_0003E</attrlabl>
            </attr>
            <attr>
                <attrlabl>DP05_0004E</attrlabl>
            </attr>
            <attr>
                <attrlabl>DP05_0005E</attrlabl>
            </attr>
            <attr>
                <attrlabl>DP05_0006E</attrlabl>
            </attr>
            <attr>
                <attrlabl>DP05_0007E</attrlabl>
            </attr>
            <attr>
                <attrlabl>DP05_0008E</attrlabl>
            </attr>
            <attr>
                <attrlabl>DP05_0009E</attrlabl>
            </attr>
            <attr>
                <attrlabl>DP05_0010E</attrlabl>
            </attr>
            <attr>
                <attrlabl>DP05_0011E</attrlabl>
            </attr>
            <attr>
                <attrlabl>DP05_0012E</attrlabl>
            </attr>
            <attr>
                <attrlabl>DP05_0013E</attrlabl>
            </attr>
            <attr>
                <attrlabl>DP05_0014E</attrlabl>
            </attr>
            <attr>
                <attrlabl>DP05_0015E</attrlabl>
            </attr>
            <attr>
                <attrlabl>DP05_0016E</attrlabl>
            </attr>
            <attr>
                <attrlabl>DP05_0017E</attrlabl>
            </attr>
            <attr>
                <attrlabl>DP05_0018E</attrlabl>
            </attr>
            <attr>
                <attrlabl>DP05_0019E</attrlabl>
            </attr>
            <attr>
                <attrlabl>DP05_0020E</attrlabl>
            </attr>
            <attr>
                <attrlabl>DP05_0021E</attrlabl>
            </attr>
            <attr>
                <attrlabl>DP05_0022E</attrlabl>
            </attr>
            <attr>
                <attrlabl>DP05_0023E</attrlabl>
            </attr>
            <attr>
                <attrlabl>DP05_0024E</attrlabl>
            </attr>
            <attr>
                <attrlabl>DP05_0025E</attrlabl>
            </attr>
            <attr>
                <attrlabl>DP05_0026E</attrlabl>
            </attr>
            <attr>
                <attrlabl>DP05_0027E</attrlabl>
            </attr>
            <attr>
                <attrlabl>DP05_0028E</attrlabl>
            </attr>
            <attr>
                <attrlabl>DP05_0029E</attrlabl>
            </attr>
            <attr>
                <attrlabl>DP05_0030E</attrlabl>
            </attr>
            <attr>
                <attrlabl>DP05_0031E</attrlabl>
            </attr>
            <attr>
                <attrlabl>DP05_0032E</attrlabl>
            </attr>
            <attr>
                <attrlabl>DP05_0033E</attrlabl>
            </attr>
            <attr>
                <attrlabl>DP05_0034E</attrlabl>
            </attr>
            <attr>
                <attrlabl>DP05_0035E</attrlabl>
            </attr>
            <attr>
                <attrlabl>DP05_0036E</attrlabl>
            </attr>
            <attr>
                <attrlabl>DP05_0037E</attrlabl>
            </attr>
            <attr>
                <attrlabl>DP05_0038E</attrlabl>
            </attr>
            <attr>
                <attrlabl>DP05_0039E</attrlabl>
            </attr>
            <attr>
                <attrlabl>DP05_0040E</attrlabl>
            </attr>
            <attr>
                <attrlabl>DP05_0041E</attrlabl>
            </attr>
            <attr>
                <attrlabl>DP05_0042E</attrlabl>
            </attr>
            <attr>
                <attrlabl>DP05_0043E</attrlabl>
            </attr>
            <attr>
                <attrlabl>DP05_0044E</attrlabl>
            </attr>
            <attr>
                <attrlabl>DP05_0045E</attrlabl>
            </attr>
            <attr>
                <attrlabl>DP05_0046E</attrlabl>
            </attr>
            <attr>
                <attrlabl>DP05_0047E</attrlabl>
            </attr>
            <attr>
                <attrlabl>DP05_0048E</attrlabl>
            </attr>
            <attr>
                <attrlabl>DP05_0049E</attrlabl>
            </attr>
            <attr>
                <attrlabl>DP05_0050E</attrlabl>
            </attr>
            <attr>
                <attrlabl>DP05_0051E</attrlabl>
            </attr>
            <attr>
                <attrlabl>DP05_0052E</attrlabl>
            </attr>
            <attr>
                <attrlabl>DP05_0053E</attrlabl>
            </attr>
            <attr>
                <attrlabl>DP05_0054E</attrlabl>
            </attr>
            <attr>
                <attrlabl>DP05_0055E</attrlabl>
            </attr>
            <attr>
                <attrlabl>DP05_0056E</attrlabl>
            </attr>
            <attr>
                <attrlabl>DP05_0057E</attrlabl>
            </attr>
            <attr>
                <attrlabl>DP05_0058E</attrlabl>
            </attr>
            <attr>
                <attrlabl>DP05_0059E</attrlabl>
            </attr>
            <attr>
                <attrlabl>DP05_0060E</attrlabl>
            </attr>
            <attr>
                <attrlabl>DP05_0061E</attrlabl>
            </attr>
            <attr>
                <attrlabl>DP05_0062E</attrlabl>
            </attr>
            <attr>
                <attrlabl>DP05_0063E</attrlabl>
            </attr>
            <attr>
                <attrlabl>DP05_0064E</attrlabl>
            </attr>
            <attr>
                <attrlabl>DP05_0065E</attrlabl>
            </attr>
            <attr>
                <attrlabl>DP05_0066E</attrlabl>
            </attr>
            <attr>
                <attrlabl>DP05_0067E</attrlabl>
            </attr>
            <attr>
                <attrlabl>DP05_0068E</attrlabl>
            </attr>
            <attr>
                <attrlabl>DP05_0069E</attrlabl>
            </attr>
            <attr>
                <attrlabl>DP05_0070E</attrlabl>
            </attr>
            <attr>
                <attrlabl>DP05_0071E</attrlabl>
            </attr>
            <attr>
                <attrlabl>DP05_0072E</attrlabl>
            </attr>
            <attr>
                <attrlabl>DP05_0073E</attrlabl>
            </attr>
            <attr>
                <attrlabl>DP05_0074E</attrlabl>
            </attr>
            <attr>
                <attrlabl>DP05_0075E</attrlabl>
            </attr>
            <attr>
                <attrlabl>DP05_0076E</attrlabl>
            </attr>
            <attr>
                <attrlabl>DP05_0077E</attrlabl>
            </attr>
            <attr>
                <attrlabl>DP05_0078E</attrlabl>
            </attr>
            <attr>
                <attrlabl>DP05_0079E</attrlabl>
            </attr>
            <attr>
                <attrlabl>DP05_0080E</attrlabl>
            </attr>
            <attr>
                <attrlabl>DP05_0081E</attrlabl>
            </attr>
            <attr>
                <attrlabl>DP05_0082E</attrlabl>
            </attr>
            <attr>
                <attrlabl>DP05_0083E</attrlabl>
            </attr>
            <attr>
                <attrlabl>DP05_0084E</attrlabl>
            </attr>
            <attr>
                <attrlabl>DP05_0085E</attrlabl>
            </attr>
            <attr>
                <attrlabl>DP05_0086E</attrlabl>
            </attr>
            <attr>
                <attrlabl>DP05_0087E</attrlabl>
            </attr>
            <attr>
                <attrlabl>DP05_0088E</attrlabl>
            </attr>
            <attr>
                <attrlabl>DP05_0089E</attrlabl>
            </attr>
            <attr>
                <attrlabl>GIS_ID</attrlabl>
            </attr>
            <attr>
                <attrlabl>SE_ANNO_CAD_DATA</attrlabl>
            </attr>
            <attr>
                <attrlabl>SHAPE.AREA</attrlabl>
            </attr>
            <attr>
                <attrlabl>SHAPE.LEN</attrlabl>
            </attr>
        </detailed>
    </eainfo>
    <metainfo>
        <metd>20230311</metd>
        <metc>
            <cntinfo>
                <cntorgp>
                    <cntorg>Office of Planning</cntorg>
                    <cntper>Travis Pate</cntper>
                </cntorgp>
                <cntpos>Demographic Specialist</cntpos>
                <cntaddr>
                    <addrtype>mailing and physical</addrtype>
                    <address>1100 4th Street NW, Suite 650 East</address>
                    <city>Washington</city>
                    <state>DC</state>
                    <postal>20024</postal>
                </cntaddr>
                <cntvoice>(202) 442-7600</cntvoice>
                <cntemail>planning@dc.gov</cntemail>
            </cntinfo>
        </metc>
        <metstdn>FGDC Content Standard for Digital Geospatial Metadata</metstdn>
        <metstdv>FGDC-STD-001-1998</metstdv>
        <mettc>local time</mettc>
    </metainfo>
</metadata>
